Name,Gender
Genna,0
Tchanavian,0
Bleidy,0
Roberick,1
Sunao,1
Iesous,1
Graydon,1
Jayzion,1
Shauwn,1
Takeru,1
Betony,0
Eythen,1
Bin,1
Raybert,1
Kailan,0
Shantie,0
Kwame,1
Bobbiejo,0
Alessya,0
Wynoma,0
Ronyae,0
Jasneet,0
Jarell,1
Sherrill,0
Munroe,1
Belden,1
Whelan,1
Courtni,0
Ayliah,0
Wilburn,1
Joshiah,1
Adiela,0
Iolanthe,0
Kaarlo,1
Oviya,0
Lilica,0
Jeliana,0
Fariz,1
Beula,0
Libin,1
Shevin,1
Hamadi,1
Briant,1
Byram,1
Mahati,0
Chrysoula,0
Jerriel,1
Sidna,0
Mayer,1
Fahad,1
Lebrone,1
Earther,0
Chistian,1
Nohelly,0
Jovon,1
Pramil,0
Jaquaris,1
Virgilene,0
Natina,0
Charneice,0
Soichi,1
Caomhan,1
Tudy,0
Mondale,1
Clairissa,0
Aerona,0
Kahnye,1
Cheylynn,0
Danilo,1
Robleh,1
Pao,1
Abdulmohymen,1
Anouk,0
Harvel,1
Shiwanda,0
Bheem,1
Maurianna,0
Riliegh,0
Zacoria,0
Rinkal,1
Lochlainn,1
Prithvi,1
Unia,0
Rogelia,0
Greydys,0
Warrior,1
Razia,0
Arvol,1
Glendal,1
Dejour,1
Laurens,1
Briseida,0
Latana,0
Vega,0
Abdualeem,1
Exavion,1
Shamain,0
Demetruis,1
Bernaldo,1
Kathyleen,0
Nyaziah,0
Raiqa,0
Narpendra,1
Okeima,0
Ishmil,1
Norvis,0
Oseph,1
Dewone,1
Nicson,1
Cleavon,1
Rheannon,0
Stacyann,0
Maximillian,1
Maiven,0
Shiloe,0
Nuadha,1
Valon,1
Senthooran,1
Shulekha,0
Arlotto,1
Saihajleen,0
Aramazd,1
Teak,1
Annalou,0
Aaliegha,0
Krystyna,0
Louie,1
Lilton,1
Danielo,1
Sahalie,0
Liz,0
Kiko,1
Esgar,1
Sebrinia,0
Sunmin,0
Vick,1
Sabeer,1
Tybie,0
Tawanya,0
Nurasyl,1
Davison,1
Shaleka,0
Sharniqua,0
Alori,0
Jurek,1
Lavette,0
Hasnaat,1
Huma,0
Heiden,1
Tejuana,0
Mariessa,0
Habacuc,1
Jamisha,0
Taika,0
Jism,1
Yuraima,0
Solage,0
Jalae,0
Daktari,1
Macorley,1
Triniece,0
Rumaldo,1
Zaisha,0
Jossalyn,0
Jamicia,0
Trea,1
Shakeda,0
Romona,0
Israar,1
Grisela,0
Mu'adh,1
Penny-sue,0
Consuella,0
Tejuan,1
Deloyce,0
Heydy,0
Kaval,1
Zymere,1
Dextyn,1
Markle,1
Marcella,0
Darnaja,0
Masashi,1
Bronius,1
Zenida,0
Daizon,1
Almonte,1
Chandrell,0
Kiayah,0
Leahann,0
Tahmida,0
Myann,0
Janala,0
Karhys,0
Dekiya,0
Heavyn,0
Mariyani,0
Alekzandr,1
Shalica,0
Lerae,0
Amous,1
Duward,1
Zariana,0
Rayshone,1
Kowen,1
Zackorie,1
Aayla,0
Olajumoke,0
Larez,1
Fereydoun,1
Tyquavion,1
Darsey,0
Mirabell,0
Pryce,1
Clodie,0
Vandra,0
Lenee,0
Clairity,0
Williaw,1
Redus,1
Colbe,1
Dontee,1
Gurinder,1
Tyleah,0
Dimani,1
Christabella,0
Zyonah,0
Sa'ad,1
Elaheh,0
Agnarr,1
Ekin,1
Bernelle,0
Laurnea,0
Zahyra,0
Abdoulaziz,1
Shlomie,1
Daimien,1
Marterrius,1
Desyre,0
Veto,1
Zaynub,0
Brielee,0
Archelaos,1
Queshaun,1
Saahir,1
Josephe,1
Deedrick,1
Delories,0
Briunna,0
Imamudeen,1
Drazhan,1
Cay,0
Rashaundra,0
Mareck,1
Edite,0
Mason-jay,1
Margene,0
Sarmad,1
Demetrices,1
Jackalin,0
Samser,1
Sanjith,1
Stavroula,0
Anduena,0
Jaterrious,1
Bragi,1
Ahva,0
Prokopis,1
Fachon,0
Tejinder,1
Clim,1
Careli,0
Timorthy,1
Dazion,1
Maximili,1
Maximilianus,1
Dezon,1
Amilliyon,0
Ayoka,0
Carmell,0
Cathyrn,0
Quavion,1
Helmie,0
Tazia,0
Alford,1
Seleem,1
Sajah,0
Aven,1
Nakato,0
Raedon,1
Berthol,1
Carlosdaniel,1
Imyah,0
Tendo,1
Gennadios,1
Nachole,0
Nadilyn,0
Tayla-may,0
Darelle,1
Carmaleta,0
Aurilia,0
Ariellah,0
Kundana,0
Jasias,1
Sheryarr,1
Jaliel,1
Shanaira,0
Sheere,0
Kahmyra,0
Akeel,1
Stormie,0
Calletana,0
Brava,0
Aubrianna,0
Eva-rae,0
Morpheus,1
Zavhary,1
Betrys,0
Vipan,1
Yina,0
Yle,1
Lizanne,0
Warmati,1
Hailena,0
Dejahnae,0
Daltyn,1
Terreance,1
Dequinn,1
Rowan-may,0
Aryadne,0
Sharujan,1
Alfredas,1
Antwonne,1
Taric,1
Travis-lee,1
Julianni,0
Sarinah,0
Shenee,0
Dametrice,0
Shariah,1
Myrtice,0
Danajia,0
Lashonya,0
Lailie,0
Shanetra,0
Jeannette,0
Jenielle,0
Alhassan,1
Mohammedali,1
Clemmie,0
Nore,1
Sherronda,0
Zandur,1
Paradyce,0
Sagar,1
Annajean,0
Dmaurion,1
Doryan,1
Hermilinda,0
Tamillia,0
Martrell,1
Emillie,0
Pranavi,0
Tyronn,1
Uziel,1
Shihaab,1
Pierston,1
Zyairr,1
Cianna,0
Megraaj,1
Jelissa,0
Laliana,0
Sandrika,0
Derk,1
Corneille,1
Gaza,1
Sammey,1
Renold,1
Brooklenn,0
Iosue,1
Veerander,1
Ann-Marie,0
Amelia-faith,0
Rhet,1
Roselani,0
Chelcey,0
Augure,0
Jhana,0
Avayah,0
Armella,0
Justinkyle,1
Karthikeya,1
Beat,1
Maredudd,1
Ffransis,1
Tali,0
Jewelyssa,0
Zykeria,0
Morrow,1
Churchill,1
Amrudin,1
Tekia,0
Reggis,1
Shishpal,1
Tishea,0
Zaahirah,0
Jaccari,1
Sampson,1
Chekesha,0
Kareny,0
Genieva,0
Khaliel,1
Calogera,0
Itsel,0
Kyaisha,0
Jehoram,1
Mohammad-umar,1
Kobina,1
Ariadna,0
Derrall,1
Yafa,0
Aali,1
Morganica,0
Tkeya,0
Aireonna,0
Dashawnda,0
Dcorian,1
Lacie-rose,0
Missel,0
Haroun,1
Ormi,0
Adonnis,1
Nathanjames,1
Kerrington,0
Ineka,0
Navarre,1
Esiquiel,1
Vanetta,0
Deontay,1
Jemelle,1
Dhillon,1
Elai,1
Lola-grace,0
Widukind,1
Nicolina,0
Caitlin-rose,0
Siler,1
Jamiroquai,1
Yoana,0
Kimmo,1
Dimitriy,1
Verlin,1
Deepender,1
Abdurahmon,1
Herrel,1
Sammantha,0
Giovannina,0
Romus,1
Monyae,0
Pius,1
Ceazia,0
Sahista,0
Rozerin,0
Graysyn,1
Holly-mae,0
Blossie,0
Lovetta,0
Quintrel,1
Kavari,1
Rihannon,0
Aodhan,1
Chevella,0
Antwaine,1
Aniza,0
Emyle,0
Aleitha,0
Cadin,1
Naidaly,0
Clarey,0
Hemali,0
Sallee,0
Abdulhakim,1
Bitia,0
Lacey-rae,0
Airyanna,0
Edwind,1
Laterrica,0
Orphia,0
Dally,0
Faddei,1
Isana,0
Ylario,1
Kunden,1
Avanicole,0
Jemiah,0
Afnaan,0
Majd,1
Journey,0
Hewell,1
Rishik,1
Jerrye,0
Yoshihiro,1
Chele,0
Lerato,0
Jakia,0
Maylen,0
Xong,0
Jakavion,1
Maile,0
Gabriala,0
Liyla,0
Haaris,1
Danek,1
Trison,1
Jocqueline,0
Pinkey,0
Asaph,1
Jessiejames,1
Osten,1
Kadeyn,1
Graddy,1
Zyrus,1
Senaca,1
Callistus,1
Breon,1
Derike,1
Galene,0
Armany,1
Barin,1
Dinnis,1
Nienke,0
Tayvon,1
Shanbria,0
Ahsaan,1
Dravin,1
Addan,1
Jron,1
Johnaaron,1
Nikolette,0
Jordan-junior,1
Ubaidullah,1
Deka,0
Preet,1
Imonie,0
Zeshaun,1
Jashandeep,1
Amari,1
Gaiana,0
Donjae,1
Barna,1
Edyce,0
Golda,0
Fabrienne,0
Jashun,1
Pawan,1
Kwaku,1
Mekiel,1
Bryttany,0
Tyler-jack,1
Quandarrius,1
Benas,1
Odinn,1
Avrianna,0
Taylah,0
Traevion,1
Shetan,1
Miachel,1
Shelika,0
Decebal,1
Gwenno,0
Towan,1
Naresh,1
Yandiel,1
Joniah,0
Joynell,0
Panayiota,0
Deerica,0
Byrd,1
Myles,1
Dvonta,1
Josaih,1
Bittan,1
Frampton,1
Reion,1
Zavyer,1
Niobe,0
Kolleen,0
Samisoni,1
Traeshawn,1
Arpie,0
Bronner,1
Sherell,0
Spessard,1
Yunis,1
Aanis,1
Misha,1
Deasiah,0
Jonnika,0
Leyni,0
Dava,0
Zackari,1
Zinon,1
Vancil,1
Shirlette,0
Eiza,0
Sindhu,0
Ethele,0
Nobuyuki,1
Ifeoluwa,0
Jamor,1
Yaelis,0
Klaudio,1
Tata,0
Morvin,0
Argeniz,1
Diomedes,1
Eline,0
Saphyre,0
Isocrates,1
Jylin,1
Kaitryn,0
Bagwan,1
Hurchel,1
Gerimiah,1
Makensi,0
Fernie,1
Rhondia,0
Euleta,0
Volley,1
Annorah,0
Audrionna,0
Emma-louise,0
Belladonna,0
Dacotah,1
Zyia,0
Nakeal,1
Kalayan,1
Haygen,1
Ramavtar,1
Noreeta,0
Avian,1
Lawyer,1
Ahmauri,1
Ahmere,1
Avereigh,0
Davarius,1
Jataiya,0
Corion,1
Gunnison,1
Tyne,0
Seraya,0
Io,0
Scipio,1
Jmarion,1
Viyan,1
Claretha,0
Kleah,0
Jamyl,1
Fallie,0
Breyannah,0
Ulysess,1
Emmadell,0
Rhyan,0
Jehanne,0
Jevette,0
Bettyjo,0
Criselle,0
Monteria,0
Uwais,1
Shorty,1
Joaly,0
Arthetta,0
Salara,0
Khaleem,1
Adrain,1
Jhaden,1
Marieli,0
Jacquoline,0
Trayvin,1
Holten,1
Halona,0
Amarveer,1
Maceson,1
Jumalay,0
Caltlin,0
Arabinda,1
Xaviea,0
Alleana,0
Argyros,1
Glorianne,0
Kathee,0
Shavonta,0
Mariachristina,0
Haoyu,1
Chalyce,0
Dayvin,1
Jassmen,0
Logan-reece,1
Crhistopher,1
Chrisy,0
Gerhild,0
Utica,0
Conell,1
Samijo,0
Yanessa,0
Senait,0
Keimiyah,0
Ashlyn,0
Almehdi,1
Kennyh,0
Orlander,1
Tiberius,1
Harwood,1
Labreshia,0
Anshita,0
Tevaughn,1
Janijah,0
Lacrecia,0
Zaylene,0
Zackeria,1
Zineddine,1
Adelbert,1
Cassia,0
Benae,0
Lutina,0
Fatin,0
Carmeletta,0
Dareion,1
Nichael,1
Argiro,0
Goncalo,1
Lauritz,1
Dajaha,0
Takera,0
Kauri,1
Cortana,0
Vandhna,0
Syyeda,0
Kaushal,1
Marcanthony,1
Mielikki,0
Adelise,0
Amelinda,0
Zakry,1
Arnaz,1
Konor,1
Kevell,1
Omarien,1
Ahriel,0
Delaynee,0
Myzel,1
Rusne,0
Orfhlaith,0
Kenrick,1
Subhangi,0
Javiana,0
Lurdes,0
Millicent,0
Londonn,0
Lenah,0
Montanah,0
Jamian,1
Donzel,1
Turron,1
Joyceline,0
Rashawd,1
Jaxen,1
Holland,0
Noemi,0
Shanoah,0
Abiella,0
Wilson,1
Rishit,1
Weber,1
Olton,1
Ilanit,0
Talayja,0
Dystanie,0
Ladarren,1
Anayssa,0
Biitu,1
Courtlan,1
Zeki,1
Humairaa,0
Charlette,0
Foley,1
Gerldine,0
Porcha,0
Tuf,1
Anwar,1
Jaudiel,1
Nyriah,0
Sila,0
Mikayla,0
Mayven,0
Zachory,1
Laighney,0
Lute,1
Yeudiel,1
Dvorah,0
Marymargaret,0
Orestas,1
Vaneka,0
Jarif,1
Abileigh,0
Dakarai,1
Chimnedum,1
Mitali,0
Eyen,1
Dorsha,0
Gugna,1
Dashanta,0
Jeden,1
Ruthan,0
Lashma,0
Selamawit,0
Nichol,1
Shardul,1
Daquian,1
Aaronjit,1
Zakery,1
Earnistine,0
Enja,0
Bernard,1
Mariom,0
Sebastiano,1
Kelaine,0
Erminia,0
Usman,1
Asten,1
Elira,0
Maushid,1
Dorothie,0
Diontay,1
Tishia,0
Delonta,1
Hans-Peter,1
Kadezha,0
Jaimini,0
Manfred,1
Fabiola,0
Dorothia,0
Seffora,0
Jovanta,1
Taiyo,1
Lian,1
Latitia,0
Dezmarie,0
Shadaja,0
Christel,0
Taurin,1
Chariton,1
Keyliana,0
Floribel,0
Ahilyn,0
Gennadiy,1
Remsen,1
Desarey,0
Jamarrio,1
Cebastian,1
Cailynne,0
Billy-dean,1
Toshiba,0
Kadarian,1
Theodoros,1
Nikomachos,1
Neajah,0
Jehieli,0
Lamareon,1
Sajma,0
Haku,1
Camalla,0
Esther,0
Fayga,0
Coreon,1
Sariq,1
Meginhard,1
Bartholomei,1
Johanson,1
Aiylah,0
Dasja,0
Finnan,1
Corbyn,1
Barni,0
Keagyn,0
Darshini,0
Keiyara,0
Trayveon,1
Jeneene,0
Madeeha,0
Nakeesha,0
Michiye,0
Gillies,1
Marica,0
Kamaar,1
Kaylaann,0
Eigyr,0
Dyanni,0
Kalan,1
Jaeshaun,1
Samuli,1
Jahmeel,1
Montrae,1
Jamontez,1
Mohsin,1
Judine,0
Lovine,0
Chadly,1
Yureli,0
Slaten,1
Ipati,1
Fouad,1
Ashleen,0
Migel,1
Dharampal,1
Cyriana,0
Terrel,1
Kibbie,0
Amrit,1
Juweriya,0
Spartan,1
Byrle,1
Mahaila,0
Schley,1
Janera,0
Steffano,1
Aldridge,1
Kingstun,1
Nikalas,1
Tifni,0
Desda,0
Jaylynn,0
Nyna,0
Jomes,1
Dinko,1
Trema,0
Malaia,0
Isbah,0
Ignatia,0
Jyshawn,1
Tavarres,1
Elveria,0
Evalie,0
Ceion,1
Acil,1
Maurice,1
Cylin,1
Florean,0
Aldyn,1
Leniah,0
Taneja,0
Wahneta,0
Mohammed,1
Aaravi,0
Lamanda,0
Cepeda,1
Nashad,0
Udo,1
Heyden,1
Earma,0
Swade,1
Quennell,1
Optimus,1
Cottrell,1
Telesphoros,1
Earmie,0
Leacy,0
Brunihild,0
Boutros,1
Jehoiakim,1
Maxi,0
Taeko,0
Shinece,0
Nera,0
Jaylaa,0
Dajahnae,0
Anysha,0
Arether,0
Doly,0
Mahindra,1
Rasheedah,0
Vontavius,1
Ramarion,1
Trinton,1
Deashawn,1
Prabh,1
Journe,0
Katelinn,0
Terri-ann,0
Jp,1
Emmasofia,0
Roshana,0
Javonta,1
Jakov,1
Yussuf,1
Yoandri,1
Ralph,1
Malachi,1
Willett,1
Jalien,1
